site_name,interactions,bookings,unique_users,unique_bookers,segment_name,segment_value,booking_rate,share_of_users,share_of_interactions,gap_from_mean,potential_bookings,posa_continent,user_location_country,is_mobile,is_package,channel,is_family,is_urgent,is_long_stay,day_of_week,time_of_day
2.0,34636299,1992309,768258,20436056,site_name,2,0.05752083962550387,0.6084392596640452,0.6239290205623873,0.010037922020992573,-347676.46845778305,,,,,,,,,,
3.0,2,0,1,2,site_name,3,0.0,7.919725660703114e-07,3.602746474514424e-08,-0.047482917604511295,0.09496583520902259,,,,,,,,,,
4.0,7,0,1,0,site_name,4,0.0,7.919725660703114e-07,1.2609612660800483e-07,-0.047482917604511295,0.33238042323157907,,,,,,,,,,
5.0,12,3,3,11,site_name,5,0.25,2.375917698210934e-06,2.161647884708654e-07,0.2025170823954887,-2.4302049887458645,,,,,,,,,,
6.0,20461,790,583,10698,site_name,6,0.03861003861003861,0.0004617200060189915,0.0003685789780751981,-0.008872878994472685,181.54797710590563,,,,,,,,,,
7.0,52799,2127,2126,25779,site_name,7,0.04028485387980833,0.001683733675465482,0.0009511070555394352,-0.007198063724702962,380.0505666005917,,,,,,,,,,
8.0,1339195,62330,31659,785802,site_name,8,0.0465428858381341,0.025073059469219987,0.02412390032468672,-0.0009400317663771918,1258.8858413735034,,,,,,,,,,
9.0,55470,3133,1145,34075,site_name,9,0.05648098071029385,0.0009068085881505064,0.0009992217347065753,0.008998063105782557,-499.12256047775844,,,,,,,,,,
10.0,144753,6860,3621,83126,site_name,10,0.04739107306929735,0.0028677326617405972,0.002607541802126932,-9.184453521394326e-05,13.294772005823928,,,,,,,,,,
11.0,3916444,214315,84945,2240842,site_name,11,0.05472183439875561,0.06727410962484259,0.07054977406816584,0.007238916794244314,-28350.81224531738,,,,,,,,,,
13.0,1029677,65346,32810,584298,site_name,13,0.06346261983126747,0.025984619892766913,0.018548325908192942,0.015979702226756175,-16453.931849739616,,,,,,,,,,
14.0,82373,3592,2634,41610,site_name,14,0.043606521554392826,0.0020860557390292,0.0014838451767258832,-0.003876396050118469,319.31037183640865,,,,,,,,,,
15.0,121676,5629,4483,68469,site_name,15,0.04626220454321312,0.0035504130136932055,0.002191838900165085,-0.0012207130612981731,148.53148244651652,,,,,,,,,,
16.0,8675,400,106,6288,site_name,16,0.04610951008645533,8.3949092003453e-05,0.00015626912833206313,-0.0013734075180559663,11.914310219135508,,,,,,,,,,
17.0,552998,25922,16877,294711,site_name,17,0.04687539557105089,0.013366120997568644,0.009961557974567636,-0.0006075220334604073,335.9584694595383,,,,,,,,,,
18.0,425611,11172,10254,186146,site_name,18,0.02624932156358741,0.008120886692484973,0.007666842648822792,-0.021233596040923886,9037.252044573655,,,,,,,,,,
19.0,22567,1372,2589,7502,site_name,19,0.060796738600611515,0.002050416973556036,0.000406515898451835,0.01331382099610022,-300.4529984189937,,,,,,,,,,
20.0,34285,1445,489,20377,site_name,20,0.042146711389820624,0.00038727458480838223,0.000617600814393635,-0.005336206214690671,182.95183007066967,,,,,,,,,,
21.0,30785,1302,1622,14702,site_name,21,0.04229332467110606,0.001284579502166045,0.0005545527510896327,-0.005189592933405235,159.76161845488016,,,,,,,,,,
22.0,208135,8887,6440,115422,site_name,22,0.04269824873279362,0.005100303325492805,0.0037492881873652977,-0.004784668871717676,995.8570556149585,,,,,,,,,,
23.0,1081990,47052,24878,609365,site_name,23,0.0434865386925942,0.019702693498697205,0.019490678289799307,-0.003996378911917092,4324.042018905175,,,,,,,,,,
24.0,3665057,151633,65901,2054843,site_name,24,0.041372617124372145,0.052191784076599586,0.06602135592822204,-0.00611030048013915,22394.59954683735,,,,,,,,,,
25.0,320840,13337,8798,171141,site_name,25,0.041569006358309436,0.006967774636286599,0.005779525894416038,-0.005913911246201858,1897.4192842314042,,,,,,,,,,
26.0,230856,11382,6456,120646,site_name,26,0.04930346189832623,0.00511297488654993,0.004158578200602509,0.001820544293814938,-420.28357349294134,,,,,,,,,,
27.0,156728,6050,3633,83617,site_name,27,0.03860190903986525,0.002877236332533441,0.0028232562472884828,-0.008881008564646048,1391.9027103198457,,,,,,,,,,
28.0,341099,16445,9657,194887,site_name,28,0.048211809474668646,0.007648079070540996,0.006144466098551977,0.0007288918701573513,-248.62428801880236,,,,,,,,,,
29.0,125444,5543,4181,62300,site_name,29,0.04418704760690029,0.003311237298739972,0.0022597146437449366,-0.0032958699976110076,413.44711598031523,,,,,,,,,,
30.0,344492,19245,6301,215398,site_name,30,0.05586486768923516,0.004990219138809032,0.006205586692492114,0.008381950084723866,-2887.514748586694,,,,,,,,,,
31.0,20263,954,476,11035,site_name,31,0.04708088634456892,0.00037697894144946817,0.00036501225906542884,-0.00040203125994237726,8.14635942021239,,,,,,,,,,
32.0,137604,6294,4134,72282,site_name,32,0.045739949420075,0.003274014588134667,0.0024787616293954137,-0.001742968184436297,239.83939405117223,,,,,,,,,,
33.0,281911,9637,7434,137080,site_name,33,0.03418454760544995,0.0058875240561666944,0.0050782693068841785,-0.013298369999061345,3748.956784805383,,,,,,,,,,
34.0,2700030,159907,49472,1640894,site_name,34,0.059224156768628494,0.03918046678863044,0.048637617817915896,0.0117412391641172,-31701.697980291363,,,,,,,,,,
35.0,165416,4043,4040,77692,site_name,35,0.02444140832809402,0.0031995691669240577,0.0029797595541413897,-0.023041509276417276,3811.43429846784,,,,,,,,,,
36.0,67780,2584,1404,36942,site_name,36,0.038123340218353494,0.0011119294827627172,0.0012209707802129381,-0.009359577386157801,634.3921552337757,,,,,,,,,,
37.0,2974345,170103,86380,1638687,site_name,37,0.05719007041886533,0.06841059025715349,0.05357905481369802,0.009707152814354032,-28872.421437609843,,,,,,,,,,
38.0,11923,560,129,6869,site_name,38,0.04696804495512874,0.00010216446102307016,0.00021477773107817736,-0.0005148726493825542,6.138826598588194,,,,,,,,,,
40.0,72726,4505,3357,37231,site_name,40,0.06194483403459561,0.002658651904298035,0.0013100667005276798,0.014461916430084314,-1051.7573342943117,,,,,,,,,,
41.0,1693,121,211,578,site_name,41,0.07147076196101594,0.0001671062114408357,3.0497248906764597e-05,0.023987844356504646,-40.61142049556236,,,,,,,,,,
43.0,4912,142,143,2284,site_name,43,0.028908794788273615,0.00011325207694805452,8.848345341407424e-05,-0.01857412281623768,91.23609127335949,,,,,,,,,,
44.0,5538,150,254,2265,site_name,44,0.027085590465872156,0.00020116103178185907,9.976004987930439e-05,-0.020397327138639138,112.96039769378355,,,,,,,,,,
45.0,7984,228,377,3269,site_name,45,0.028557114228456915,0.00029857365740850735,0.0001438216392626158,-0.01892580337605438,151.10361415441818,,,,,,,,,,
46.0,67712,1913,2511,26149,site_name,46,0.028252008506616258,0.0019886431134025517,0.0012197458464116033,-0.019230909097895037,1302.1633168366686,,,,,,,,,,
47.0,1984,45,97,528,site_name,47,0.022681451612903226,7.68213389088202e-05,3.5739245027183084e-05,-0.024801465991608068,49.20610852735041,,,,,,,,,,
48.0,28621,627,1036,11276,site_name,48,0.021906991369973098,0.0008204835784488425,0.0005155710342353866,-0.025575926234538197,732.0085847587177,,,,,,,,,,
53.0,14032,1099,764,7003,site_name,53,0.07832098061573546,0.0006050670404777179,0.00025276869265193196,0.030838063011224166,-432.71970017349753,,,,,,,,,,
,396070,19032,10660,214470,posa_continent,0,0.04805211200040397,0.008546597395933551,0.007134698980804639,-0.0012322705588834054,488.0654002569504,0.0,,,,,,,,,
,6608988,353990,181797,3654469,posa_continent,1,0.05356190690617081,0.14575476236290166,0.11905254108554066,0.0042775243468834365,-28270.10707826047,1.0,,,,,,,,,
,5474700,213407,110030,2946935,posa_continent,2,0.03898058341096316,0.08821595792444359,0.09861978062012057,-0.010303799148324216,56410.20919733059,2.0,,,,,,,,,
,41349759,2372529,907030,24363103,posa_continent,3,0.05737709378185251,0.7272064011288564,0.7448634922963553,0.008092711222565135,-334631.6587096637,3.0,,,,,,,,,
,1683687,81575,37763,1001200,posa_continent,4,0.048450216697046425,0.030276281187864795,0.030329487017178833,-0.0008341658622409501,1404.4742180988785,4.0,,,,,,,,,
,264774,14181,9986,153330,user_location_country,0,0.05355888418047089,0.006752069367945183,0.00476956797521541,-0.0072726494308867976,1925.608480413621,,0.0,,,,,,,,
,1146779,52678,32034,657366,user_location_country,1,0.045935616191088255,0.021659902877303825,0.02065776999648588,-0.014895917420269432,17082.32528329916,,1.0,,,,,,,,
,3435449,141556,66882,1922590,user_location_country,3,0.04120451213218418,0.045222501849279964,0.06188525886562051,-0.019627021479173508,67427.63131360515,,3.0,,,,,,,,
,7881,389,340,4575,user_location_country,4,0.04935921837330288,0.0002298922076007773,0.00014196622482824087,-0.011472315238054809,90.41331639110994,,4.0,,,,,,,,
,98168,5242,4674,53142,user_location_country,5,0.0533982560508516,0.003160341700958921,0.0017683720795506597,-0.007433277560506088,729.7099915597616,,5.0,,,,,,,,
,15003,849,671,9477,user_location_country,6,0.05658868226354729,0.0004536990332356517,0.0002702600267856995,-0.004242851347810397,63.65549877119939,,6.0,,,,,,,,
,45,4,2,34,user_location_country,7,0.08888888888888889,1.3523071035339842e-06,8.106179567657454e-07,0.028057355277531205,-1.2625809874889042,,7.0,,,,,,,,
,5023,215,145,3167,user_location_country,8,0.0428031057137169,9.804226500621385e-05,9.048297770742975e-05,-0.018028427897640788,90.55679332984968,,8.0,,,,,,,,
,178,14,14,129,user_location_country,9,0.07865168539325842,9.46614972473789e-06,3.206444362317837e-06,0.017820151781900738,-3.1719870171783313,,9.0,,,,,,,,
,18409,600,716,8536,user_location_country,10,0.03259275354446195,0.00048412594306516634,0.0003316147992466801,-0.028238780066895737,519.8477022514836,,10.0,,,,,,,,
,7052,434,382,4389,user_location_country,11,0.06154282473057289,0.000258290656774991,0.00012703284069137859,0.000711291119215203,-5.016024972705612,,11.0,,,,,,,,
,168758,9452,3741,107050,user_location_country,12,0.056009196601050026,0.002529490437160317,0.0030399614477305257,-0.00482233701030766,813.8079491855002,,12.0,,,,,,,,
,471,19,23,292,user_location_country,13,0.040339702760084924,1.555153169064082e-05,8.484467947481468e-06,-0.020491830851272763,9.65165233094947,,13.0,,,,,,,,
,5035,243,179,3189,user_location_country,15,0.048262164846077454,0.00012103148576629159,9.069914249590061e-05,-0.012569368765280232,63.28677173318597,,15.0,,,,,,,,
,2304,188,220,1603,user_location_country,16,0.08159722222222222,0.00014875378138873825,4.150363938640616e-05,0.020765688610864537,-47.84414655943189,,16.0,,,,,,,,
,437,7,12,249,user_location_country,17,0.016018306636155607,8.113842621203904e-06,7.872001046814016e-06,-0.04481322697520208,19.58338018816331,,17.0,,,,,,,,
,1490,68,82,893,user_location_country,18,0.04563758389261745,5.544459124489335e-05,2.6840461235132455e-05,-0.01519394971874024,22.638985080922957,,18.0,,,,,,,,
,79901,4083,2593,49554,user_location_country,19,0.05110073716223827,0.0017532661597318105,0.0014393152303008847,-0.009730796449119415,777.5003670810904,,19.0,,,,,,,,
,1445,96,52,910,user_location_country,20,0.06643598615916955,3.515998469188359e-05,2.602984327836671e-05,0.005604452547811868,-8.098433931588149,,20.0,,,,,,,,
,126,12,13,88,user_location_country,21,0.09523809523809523,8.789996172970897e-06,2.269730278944087e-06,0.034406561626737546,-4.3352267649689304,,21.0,,,,,,,,
,9705,812,721,6484,user_location_country,22,0.08366821226172076,0.0004875067108240013,0.0001748232726758124,0.022836678650363075,-221.62996630177363,,22.0,,,,,,,,
,472998,22231,14011,267193,user_location_country,23,0.04700019873234136,0.009473587413807326,0.008520459384761868,-0.013831334879016326,6542.193735104964,,23.0,,,,,,,,
,46577,2523,1214,29909,user_location_country,24,0.0541683663610795,0.0008208504118451283,0.0008390256127172916,-0.006663167250278185,310.350341016207,,24.0,,,,,,,,
,1364,76,61,840,user_location_country,25,0.05571847507331378,4.124536665778652e-05,2.457073095618837e-05,-0.005113058538043905,6.974211845891886,,25.0,,,,,,,,
,6334,448,243,4308,user_location_country,26,0.07072939690558888,0.00016430531307937908,0.0001140989808478718,0.009897863294231195,-62.693066105660385,,26.0,,,,,,,,
,22260,1273,645,13382,user_location_country,27,0.057187780772686436,0.0004361190408897099,0.00040098568261345537,-0.0036437528386712506,81.10993818882204,,27.0,,,,,,,,
,73867,3307,1757,45032,user_location_country,28,0.044769653566545276,0.0011880017904546051,0.0013306203691647847,-0.01606188004481241,1186.4428932701585,,28.0,,,,,,,,
,71880,3142,1961,42602,user_location_country,29,0.04371174179187535,0.0013259371150150714,0.0012948270829404838,-0.01711979181948234,1230.5706359843905,,29.0,,,,,,,,
,46533,2268,1277,28030,user_location_country,30,0.048739604151892206,0.0008634480856064489,0.0008382330084928984,-0.01209192945946548,562.6737535373072,,30.0,,,,,,,,
,4592,218,160,2983,user_location_country,31,0.047473867595818814,0.00010818456828271873,8.271905905485117e-05,-0.013357666015538873,61.3384023433545,,31.0,,,,,,,,
,95385,5857,3514,58879,user_location_country,32,0.06140378466215862,0.0023760035809092103,0.0017182398623577914,0.0005722510508009357,-54.58416648064725,,32.0,,,,,,,,
,60,7,6,52,user_location_country,33,0.11666666666666667,4.056921310601952e-06,1.0808239423543271e-06,0.05583513305530898,-3.350107983318539,,33.0,,,,,,,,
,6375,500,269,3836,user_location_country,34,0.0784313725490196,0.00018188530542532087,0.00011483754387514726,0.01759983893766192,-112.19897322759473,,34.0,,,,,,,,
,862,79,59,566,user_location_country,35,0.09164733178654293,3.989305955425253e-05,1.5527837305157167e-05,0.03081579817518524,-26.563218027009675,,35.0,,,,,,,,
,808,40,51,476,user_location_country,36,0.04950495049504951,3.44838311401166e-05,1.4555095757038272e-05,-0.01132658311630818,9.151879157977008,,36.0,,,,,,,,
,1389,67,43,789,user_location_country,37,0.0482361411087113,2.907460272598066e-05,2.5021074265502673e-05,-0.012595392502646387,17.49500018617583,,37.0,,,,,,,,
,175,8,16,138,user_location_country,38,0.045714285714285714,1.0818456828271873e-05,3.152403165200121e-06,-0.015117247897071973,2.6455183819875954,,38.0,,,,,,,,
,42284,2055,1006,25169,user_location_country,39,0.0485999432409422,0.000680210473077594,0.0007616926596418394,-0.012231590370415484,517.2005672226483,,39.0,,,,,,,,
,968,110,22,695,user_location_country,40,0.11363636363636363,1.4875378138873826e-05,1.743729293664981e-05,0.052804830025005946,-51.11507546420575,,40.0,,,,,,,,
,1715,74,48,1275,user_location_country,41,0.04314868804664723,3.245537048481562e-05,3.089355101896118e-05,-0.017682845564710455,30.32608014347843,,41.0,,,,,,,,
,1371,80,87,879,user_location_country,42,0.058351568198395334,5.882535900372831e-05,2.4696827082796374e-05,-0.0024799654129623525,3.400032581171385,,42.0,,,,,,,,
,5880,229,203,3419,user_location_country,43,0.038945578231292514,0.0001372591710086994,0.00010592074635072405,-0.021885955380065172,128.6894176347832,,43.0,,,,,,,,
,14273,822,397,9257,user_location_country,44,0.05759125621803405,0.00026843296005149586,0.0002571100021537218,-0.0032402773933236373,46.248479234908274,,44.0,,,,,,,,
,8836,474,356,5654,user_location_country,45,0.0536441828881847,0.00024071066442904918,0.00015916933924404724,-0.007187350723172989,63.50743098995653,,45.0,,,,,,,,
,1064766,67867,38912,612816,user_location_country,46,0.06373888722968239,0.026310487006357196,0.019180409763414123,0.0029073536183247053,-3095.651282769123,,46.0,,,,,,,,
,17038,1069,730,9875,user_location_country,47,0.06274210588097194,0.0004935920927899042,0.00030691797216388377,0.0019105722696142538,-32.552330329687656,,47.0,,,,,,,,
,153864,7857,4029,92036,user_location_country,48,0.051064576509124944,0.002724222660069211,0.0027716649177734363,-0.009766957102232743,1502.7830875779387,,48.0,,,,,,,,
,2310,114,156,1496,user_location_country,49,0.04935064935064935,0.00010547995407565077,4.1611721780641594e-05,-0.011480884260708334,26.52084264223625,,49.0,,,,,,,,
,83541,6040,3485,52469,user_location_country,50,0.0722998288265642,0.0023563951279079675,0.0015048852161370474,0.011468295215206516,-958.0728505735675,,50.0,,,,,,,,
,1286,112,72,848,user_location_country,51,0.08709175738724728,4.868305572722343e-05,2.3165659831127744e-05,0.026260223775889595,-33.77064777579402,,51.0,,,,,,,,
,135204,6527,5148,69380,user_location_country,52,0.04827519895861069,0.003480838484496475,0.002435528671701241,-0.012556334652746998,1697.666670390005,,52.0,,,,,,,,
,100,9,12,76,user_location_country,53,0.09,8.113842621203904e-06,1.8013732372572118e-06,0.02916846638864231,-2.916846638864231,,53.0,,,,,,,,
,12635,858,856,7937,user_location_country,54,0.06790660862683023,0.0005787874403125452,0.00022760350852744872,0.007075075015472547,-89.39357282049563,,54.0,,,,,,,,
,212971,13264,10968,130378,user_location_country,55,0.062280780012302146,0.007416052155780369,0.0038364025971190565,0.0014492464009444594,-308.64745525554247,,55.0,,,,,,,,
,1260,94,64,713,user_location_country,56,0.0746031746031746,4.3273827313087493e-05,2.269730278944087e-05,0.013771640991816915,-17.352267649689313,,56.0,,,,,,,,
,66943,3161,1742,39836,user_location_country,57,0.047219276100563166,0.0011778594871781002,0.0012058932862170954,-0.01361225751079452,911.2453545451176,,57.0,,,,,,,,
,28052,1298,885,15747,user_location_country,58,0.04627121060886924,0.000598395893313788,0.000505321220515393,-0.014560323002488447,408.4461808658059,,58.0,,,,,,,,
,12790,717,433,8059,user_location_country,59,0.056059421422986706,0.00029277448791510755,0.0002303956370451974,-0.0047721121883709805,61.03531488926484,,59.0,,,,,,,,
,9048,528,267,6348,user_location_country,60,0.058355437665782495,0.00018053299832178688,0.00016298825050703252,-0.002476095945575192,22.40371611556434,,60.0,,,,,,,,
,4822,295,183,2775,user_location_country,61,0.06117793446702613,0.00012373609997335956,8.686221750054276e-05,0.00034640085566844253,-1.67034492603323,,61.0,,,,,,,,
,160983,8032,5829,87035,user_location_country,62,0.04989346701204475,0.003941299053249797,0.0028999046785337774,-0.010938066599312936,1760.8427753571943,,62.0,,,,,,,,
,142173,9641,6295,85929,user_location_country,63,0.06781175047301527,0.0042563866083732155,0.0025610663726056957,0.006980216861657583,-992.3983718724436,,63.0,,,,,,,,
,5630,394,342,4076,user_location_country,64,0.0699822380106572,0.0002312445147043113,0.00010141731325758103,0.009150704399299513,-51.51846576805626,,64.0,,,,,,,,
,7362,301,242,3408,user_location_country,65,0.040885628905188806,0.00016362915952761208,0.00013261709772687593,-0.01994590470616888,146.8417504468153,,65.0,,,,,,,,
,29684506,1695932,747269,17286018,user_location_country,66,0.05713189230772444,0.5052685884753684,0.5347287466960112,-0.003699641303633247,109822.02447554894,,66.0,,,,,,,,
,823,56,58,474,user_location_country,67,0.06804374240583232,3.921690600248554e-05,1.4825301742626853e-05,0.00721220879447463,-5.9356478378526205,,67.0,,,,,,,,
,386037,20039,13554,224154,user_location_country,68,0.05190953198786645,0.00916458524064981,0.006953967203910623,-0.008922001623491237,3444.2227407276864,,68.0,,,,,,,,
,2862805,160656,95305,1568117,user_location_country,69,0.0561183873857982,0.06444081425115318,0.051569803104861325,-0.004713146225559489,13492.818580262834,,69.0,,,,,,,,
,302365,13006,10779,161889,user_location_country,70,0.04301423775899989,0.007288259134496408,0.005446722188832768,-0.0178172958523578,5387.326660398166,,70.0,,,,,,,,
,122452,5180,3354,69343,user_location_country,71,0.042302289876849704,0.0022678190126264913,0.002205817556486201,-0.018529243734507983,2268.9429537779715,,71.0,,,,,,,,
,7808,406,353,5021,user_location_country,72,0.05199795081967213,0.0002386822037737482,0.0001406512223650431,-0.008833582791685557,68.97261443748083,,72.0,,,,,,,,
,1245,68,40,815,user_location_country,73,0.05461847389558233,2.7046142070679682e-05,2.2427096803852288e-05,-0.006213059715775356,7.735259346140317,,73.0,,,,,,,,
,8492,414,296,5132,user_location_country,74,0.04875176636834668,0.00020014145132302966,0.00015297261530788242,-0.012079767243011005,102.58138342764946,,74.0,,,,,,,,
,31839,1579,1090,19625,user_location_country,75,0.04959326612016709,0.0007370073714260214,0.0005735392250103237,-0.011238267491190598,357.81519865201744,,75.0,,,,,,,,
,4719,209,125,2564,user_location_country,76,0.04428904428904429,8.451919397087401e-05,8.500680306616782e-05,-0.0165424893223134,78.06400711199693,,76.0,,,,,,,,
,1348553,63356,34854,792023,user_location_country,77,0.046980726749337995,0.023566655893286742,0.024292472832229246,-0.013850806862019692,18678.54714619724,,77.0,,,,,,,,
,1168,84,57,688,user_location_country,78,0.07191780821917808,3.854075245071855e-05,2.1040039411164235e-05,0.011086274607820391,-12.948768741934217,,78.0,,,,,,,,
,1173,80,47,685,user_location_country,79,0.06820119352088662,3.177921693304863e-05,2.1130108073027096e-05,0.007369659909528932,-8.644611073877437,,79.0,,,,,,,,
,251930,11486,5525,153739,user_location_country,80,0.045592029532012864,0.003735748373512631,0.0045381995966220934,-0.015239504079344823,3839.2882627093413,,80.0,,,,,,,,
,403,25,32,271,user_location_country,81,0.062034739454094295,2.1636913656543747e-05,7.2595341461465635e-06,0.0012032058427366085,-0.4848919546228532,,81.0,,,,,,,,
,57039,1672,1177,31389,user_location_country,82,0.029313276880730727,0.0007958327304297497,0.001027485280799141,-0.031518256730626956,1797.769845658231,,82.0,,,,,,,,
,13931,946,537,8716,user_location_country,83,0.06790610867848683,0.00036309445729887477,0.00025094930568230216,0.007074575067129142,-98.55590526017608,,83.0,,,,,,,,
,127,10,17,79,user_location_country,84,0.07874015748031496,1.1494610380038866e-05,2.287744011316659e-06,0.017908623868957273,-2.2743952313575737,,84.0,,,,,,,,
,43175,3364,1960,27740,user_location_country,85,0.0779154603358425,0.0013252609614633046,0.0007777428951858012,0.01708392672448481,-737.5985363296318,,85.0,,,,,,,,
,277,21,21,203,user_location_country,86,0.07581227436823104,1.4199224587106834e-05,4.989803867202477e-06,0.014980740756873355,-4.149665189653919,,86.0,,,,,,,,
,14750,756,523,9107,user_location_country,87,0.05125423728813559,0.0003536283075741369,0.00026570255249543876,-0.009577296323222094,141.26512076752587,,87.0,,,,,,,,
,20,1,1,16,user_location_country,88,0.05,6.761535517669921e-07,3.6027464745144236e-07,-0.010831533611357684,0.21663067222715368,,88.0,,,,,,,,
,171,15,11,136,user_location_country,89,0.08771929824561403,7.437689069436913e-06,3.0803482357098324e-06,0.026887764634256343,-4.597807752457835,,89.0,,,,,,,,
,1123,116,62,707,user_location_country,90,0.10329474621549421,4.192152020955351e-05,2.022942145439849e-05,0.042463212604136526,-47.68618775444532,,90.0,,,,,,,,
,23031,1757,1610,15153,user_location_country,91,0.07628848074334592,0.0010886072183448573,0.00041487427027270843,0.015456947131988232,-355.98894939682094,,91.0,,,,,,,,
,5166,275,201,3344,user_location_country,92,0.0532326751838947,0.0001359068639051654,9.305894143670756e-05,-0.007598858427462989,39.255702636273796,,92.0,,,,,,,,
,129735,6874,4276,80486,user_location_country,93,0.05298493082051875,0.002891232587355658,0.0023370115693556437,-0.007846602790838937,1017.9790130694895,,93.0,,,,,,,,
,12,3,2,8,user_location_country,94,0.25,1.3523071035339842e-06,2.161647884708654e-07,0.18916846638864232,-2.2700215966637076,,94.0,,,,,,,,
,9016,679,439,6098,user_location_country,95,0.07531055900621118,0.00029683140922570953,0.0001624118110711102,0.014479025394853497,-130.54289295999914,,95.0,,,,,,,,
,1059,48,59,344,user_location_country,96,0.0453257790368272,3.989305955425253e-05,1.9076542582553873e-05,-0.01550575457453049,16.420594094427788,,96.0,,,,,,,,
,51,4,4,40,user_location_country,97,0.0784313725490196,2.7046142070679683e-06,9.18700351001178e-07,0.01759983893766192,-0.8975917858207579,,97.0,,,,,,,,
,1293,63,59,736,user_location_country,98,0.048723897911832945,3.989305955425253e-05,2.329175595773575e-05,-0.012107635699524742,15.655172959485492,,98.0,,,,,,,,
,10771,640,282,6961,user_location_country,99,0.059418809766966854,0.00019067530159829176,0.00019402591138497428,-0.0014127238443908327,15.21644852793366,,99.0,,,,,,,,
,1029,103,36,565,user_location_country,100,0.1000971817298348,2.4341527863611714e-05,1.8536130611376708e-05,0.03926564811847711,-40.40435191391295,,100.0,,,,,,,,
,2181,182,77,1354,user_location_country,101,0.083447959651536,5.206382348605839e-05,3.928795030457979e-05,0.022616426040178307,-49.326425193628886,,101.0,,,,,,,,
,67,7,5,31,user_location_country,102,0.1044776119402985,3.3807677588349602e-06,1.206920068962332e-06,0.04364607832894082,-2.9242872480390347,,102.0,,,,,,,,
,102866,5746,2675,64243,user_location_country,103,0.05585907880154765,0.0018087107509767038,0.0018530005942370034,-0.00497245480981004,511.4965364659195,,103.0,,,,,,,,
,19100,1029,1023,11380,user_location_country,104,0.05387434554973822,0.0006917050834576329,0.00034406228831612744,-0.0069571880616194695,132.88229197693187,,104.0,,,,,,,,
,8650,458,437,5166,user_location_country,105,0.05294797687861272,0.00029547910212217554,0.00015581878502274882,-0.007883556732744969,68.19276573824398,,105.0,,,,,,,,
,2293,151,200,1398,user_location_country,106,0.06585259485390318,0.0001352307103533984,4.1305488330307864e-05,0.005021061242545498,-11.513293429156827,,106.0,,,,,,,,
,4,0,1,3,user_location_country,107,0.0,6.761535517669921e-07,7.205492949028848e-08,-0.06083153361135769,0.24332613444543075,,107.0,,,,,,,,
,2845,132,81,1688,user_location_country,108,0.046397188049209136,5.476843769312636e-05,5.1249068599967676e-05,-0.014434345562148551,41.06571312431263,,108.0,,,,,,,,
,13098,547,401,7564,user_location_country,109,0.04176210108413498,0.00027113757425856384,0.00023594386661594962,-0.019069432527222707,249.77142724156303,,109.0,,,,,,,,
,52,5,12,43,user_location_country,110,0.09615384615384616,8.113842621203904e-06,9.367140833737501e-07,0.03532231254248847,-1.8367602522094006,,110.0,,,,,,,,
,908,47,89,503,user_location_country,111,0.051762114537444934,6.0177666107262295e-05,1.6356468994295484e-05,-0.009069419073912753,8.23503251911278,,111.0,,,,,,,,
,3661,149,136,2073,user_location_country,112,0.040699262496585634,9.195688304031093e-05,6.594827421598652e-05,-0.020132271114772053,73.70424455118048,,112.0,,,,,,,,
,142,13,21,104,user_location_country,113,0.09154929577464789,1.4199224587106834e-05,2.557949996905241e-06,0.030717762163290203,-4.3619222271872085,,113.0,,,,,,,,
,6859,396,335,4179,user_location_country,114,0.05773436360985566,0.00022651143984194234,0.00012355619034347217,-0.003097170001502024,21.243489040302382,,114.0,,,,,,,,
,141215,6886,4443,83430,user_location_country,115,0.04876252522749,0.003004150230500746,0.0025438092169927716,-0.012069008383867687,1704.3250189278754,,115.0,,,,,,,,
,1693,73,92,837,user_location_country,116,0.04311872415829888,6.220612676256328e-05,3.0497248906764597e-05,-0.01771280945305881,29.98778640402856,,116.0,,,,,,,,
,8065,360,179,4871,user_location_country,117,0.044637321760694355,0.00012103148576629159,0.00014528075158479412,-0.01619421185066333,130.60631857559977,,117.0,,,,,,,,
,3976,168,129,2398,user_location_country,118,0.04225352112676056,8.722380817794198e-05,7.162259991334674e-05,-0.018578012484597124,73.86617763875816,,118.0,,,,,,,,
,466925,16335,14378,219010,user_location_country,119,0.03498420517213685,0.009721735767305811,0.008411061988063236,-0.025847328439220836,12068.76383148319,,119.0,,,,,,,,
,13,1,5,7,user_location_country,120,0.07692307692307693,3.3807677588349602e-06,2.3417852084343753e-07,0.01609154331171924,-0.20919006305235013,,120.0,,,,,,,,
,694,59,52,481,user_location_country,121,0.08501440922190202,3.515998469188359e-05,1.250153026656505e-05,0.024182875610544337,-16.78291567371777,,121.0,,,,,,,,
,2535,159,228,1641,user_location_country,122,0.06272189349112427,0.0001541630098028742,4.566481156447032e-05,0.0018903598797665802,-4.7920622952082805,,122.0,,,,,,,,
,15818,825,420,9760,user_location_country,123,0.0521557719054242,0.0002839844917421367,0.00028494121866934574,-0.00867576170593349,137.23319866445593,,123.0,,,,,,,,
,6753,297,255,3834,user_location_country,124,0.043980453131941356,0.00017241915570058298,0.00012164673471197951,-0.01685108047941633,113.79534647749848,,124.0,,,,,,,,
,6829,374,280,4105,user_location_country,125,0.054766437252892076,0.00018932299449475777,0.000123015778372295,-0.00606509635846561,41.418543031961654,,125.0,,,,,,,,
,2134,141,168,1289,user_location_country,126,0.06607310215557638,0.00011359379669685467,3.84413048830689e-05,0.005241568544218693,-11.18550727336269,,126.0,,,,,,,,
,791,27,33,253,user_location_country,127,0.03413400758533502,2.231306720831074e-05,1.4248862306704546e-05,-0.02669752602602267,21.117743086583932,,127.0,,,,,,,,
,48,3,3,25,user_location_country,128,0.0625,2.028460655300976e-06,8.646591538834616e-07,0.0016684663886423132,-0.08008638665483103,,128.0,,,,,,,,
,11092,589,443,6934,user_location_country,129,0.053101334294987375,0.0002995360234327775,0.00019980831947656992,-0.007730199316370312,85.7433708171795,,129.0,,,,,,,,
,70503,4190,2257,45287,user_location_country,130,0.05943009517325504,0.0015260785663381011,0.0012700221734634521,-0.0014014384381026493,98.80561420155108,,130.0,,,,,,,,
,14739,696,480,9713,user_location_country,131,0.04722165682882149,0.0003245537048481562,0.00026550440143934044,-0.013609876782536195,200.59597389780097,,131.0,,,,,,,,
,62,4,5,30,user_location_country,132,0.06451612903225806,3.3807677588349602e-06,1.1168514070994714e-06,0.003684595420900376,-0.2284449160958233,,132.0,,,,,,,,
,592087,30821,24302,326547,user_location_country,133,0.05205485004737479,0.016431883615041443,0.010665696759279107,-0.008776683563982896,5196.560241347941,,133.0,,,,,,,,
,17655,1157,827,11525,user_location_country,134,0.06553384310393656,0.0005591789873113024,0.00031803244503776076,0.004702309492578875,-83.01927409148004,,134.0,,,,,,,,
,392,19,24,203,user_location_country,135,0.04846938775510204,1.622768524240781e-05,7.06138309004827e-06,-0.012362145856255648,4.845961175652214,,135.0,,,,,,,,
,4174,208,146,2495,user_location_country,136,0.04983229516051749,9.871841855798085e-05,7.518931892311603e-05,-0.0109992384508402,45.910821293807,,136.0,,,,,,,,
,2488,104,114,1425,user_location_country,137,0.04180064308681672,7.70815049014371e-05,4.481816614295943e-05,-0.019030890524540968,47.34885562505793,,137.0,,,,,,,,
,22,1,3,10,user_location_country,138,0.045454545454545456,2.028460655300976e-06,3.963021121965866e-07,-0.015376988156812231,0.33829373944986907,,138.0,,,,,,,,
,116,6,11,66,user_location_country,139,0.05172413793103448,7.437689069436913e-06,2.0895929552183658e-06,-0.009107395680323205,1.0564578989174918,,139.0,,,,,,,,
,96,2,2,58,user_location_country,140,0.020833333333333332,1.3523071035339842e-06,1.7293183077669232e-06,-0.03999820027802435,3.8398272266903377,,140.0,,,,,,,,
,45551,2894,3010,25603,user_location_country,141,0.06353318258655134,0.002035222190818646,0.0008205435233030326,0.002701648975193656,-123.06281246904622,,141.0,,,,,,,,
,3748,234,164,2315,user_location_country,142,0.0624332977588047,0.0001108891824897867,6.75154689324003e-05,0.0016017641474470115,-6.003412024631399,,142.0,,,,,,,,
,3073,202,182,1933,user_location_country,143,0.06573381060852587,0.00012305994642159256,5.535619958091412e-05,0.004902276997168185,-15.064697212297833,,143.0,,,,,,,,
,3664,234,294,2277,user_location_country,144,0.0638646288209607,0.00019878914421949566,6.600231541310424e-05,0.003033095209603008,-11.113260847985421,,144.0,,,,,,,,
,28,0,3,13,user_location_country,145,0.0,2.028460655300976e-06,5.043845064320193e-07,-0.06083153361135769,1.7032829411180153,,145.0,,,,,,,,
,3149,246,226,1960,user_location_country,146,0.07812003810733566,0.0001528107026993402,5.67252432412296e-05,0.01728850449597797,-54.44150065783463,,146.0,,,,,,,,
,536,19,32,265,user_location_country,147,0.03544776119402985,2.1636913656543747e-05,9.655360551698655e-06,-0.025383772417327838,13.60570201568772,,147.0,,,,,,,,
,42864,2729,1689,27447,user_location_country,148,0.06366648002986189,0.0011420233489344495,0.0007721406244179313,0.0028349464185042014,-121.5171432827641,,148.0,,,,,,,,
,103193,4304,2029,60871,user_location_country,149,0.041708255404920874,0.001371915556535227,0.0018588910847228345,-0.019123278206436813,1973.388447956834,,149.0,,,,,,,,
,3656,319,231,2476,user_location_country,150,0.08725382932166302,0.00015619147045817518,6.585820555412367e-05,0.026422295710305334,-96.5999131168763,,150.0,,,,,,,,
,1494,79,78,827,user_location_country,151,0.05287817938420348,5.2739977037825385e-05,2.6912516164622745e-05,-0.007953354227154208,11.882311215368386,,151.0,,,,,,,,
,9942,407,268,6385,user_location_country,152,0.04093743713538523,0.00018120915187355387,0.000179092527248112,-0.019894096475972456,197.78710716411817,,152.0,,,,,,,,
,1863,117,73,1180,user_location_country,153,0.06280193236714976,4.9359209278990425e-05,3.3559583410101853e-05,0.001970398755792073,-3.670852882040632,,153.0,,,,,,,,
,198139,10814,4694,124786,user_location_country,154,0.05457784686507956,0.003173864771994261,0.003569222918569067,-0.006253686746278124,1239.0992382208012,,154.0,,,,,,,,
,3805,201,139,2396,user_location_country,155,0.05282522996057819,9.39853436956119e-05,6.854225167763691e-05,-0.008006303650779499,30.463985391215996,,155.0,,,,,,,,
,8504,587,383,5790,user_location_country,156,0.06902634054562559,0.00025896681032675796,0.0001531887800963533,0.008194806934267905,-69.68863816901427,,156.0,,,,,,,,
,3161,108,102,1659,user_location_country,157,0.034166403037013605,6.89676622802332e-05,5.6941408029700463e-05,-0.02666513057434408,84.28847774550164,,157.0,,,,,,,,
,25296,1319,822,16320,user_location_country,158,0.0521426312460468,0.0005557982195524675,0.0004556753740965843,-0.008688902365310884,219.79447423290412,,158.0,,,,,,,,
,86,1,4,14,user_location_country,159,0.011627906976744186,2.7046142070679683e-06,1.5491809840412022e-06,-0.0492036266346135,4.231511890576761,,159.0,,,,,,,,
,138,9,11,64,user_location_country,160,0.06521739130434782,7.437689069436913e-06,2.4858950674149523e-06,0.0043858576929901374,-0.605248361632639,,160.0,,,,,,,,
,176,23,9,140,user_location_country,161,0.13068181818181818,6.0853819659029286e-06,3.170416897572693e-06,0.0698502845704605,-12.293650084401047,,161.0,,,,,,,,
,71893,3795,2526,43942,user_location_country,162,0.0527867803541374,0.001707963871763422,0.0012950612614613273,-0.008044753257220288,578.3614459213381,,162.0,,,,,,,,
,27796,1526,995,16408,user_location_country,163,0.054899985609440205,0.0006727727840081571,0.0005007097050280146,-0.005931548001917482,164.87330826129832,,163.0,,,,,,,,
,45,7,3,31,user_location_country,164,0.15555555555555556,2.028460655300976e-06,8.106179567657454e-07,0.09472402194419788,-4.262580987488905,,164.0,,,,,,,,
,545,6,6,311,user_location_country,165,0.011009174311926606,4.056921310601952e-06,9.817484143051805e-06,-0.04982235929943108,27.15318581818994,,165.0,,,,,,,,
,6388,438,394,3956,user_location_country,166,0.06856606136505948,0.0002664044993961949,0.00011507172239599069,0.007734527753701793,-49.40816329064705,,166.0,,,,,,,,
,252301,10328,7830,130096,user_location_country,167,0.04093523212353498,0.005294282310335548,0.004544882691332318,-0.019896301487822704,5019.856761679156,,167.0,,,,,,,,
,16540,1107,1077,10426,user_location_country,168,0.06692865779927448,0.0007282173752530505,0.00029794713344234285,0.006097124187916796,-100.8464340681438,,168.0,,,,,,,,
,577,37,20,334,user_location_country,169,0.06412478336221837,1.3523071035339841e-05,1.0393923578974113e-05,0.0032932497508606842,-1.9002051062466148,,169.0,,,,,,,,
,223,15,13,155,user_location_country,170,0.06726457399103139,8.789996172970897e-06,4.017062319083582e-06,0.006433040379673703,-1.4345680046672358,,170.0,,,,,,,,
,151,14,16,106,user_location_country,171,0.09271523178807947,1.0818456828271873e-05,2.72007358825839e-06,0.031883698176721785,-4.814438424684989,,171.0,,,,,,,,
,160,15,20,87,user_location_country,172,0.09375,1.3523071035339841e-05,2.882197179611539e-06,0.03291846638864231,-5.26695462218277,,172.0,,,,,,,,
,9539,518,315,5951,user_location_country,173,0.05430338609917182,0.0002129883688066025,0.00017183299310196543,-0.006528147512185868,62.27199911874099,,173.0,,,,,,,,
,2184,120,207,1509,user_location_country,174,0.054945054945054944,0.00013996378521576735,3.9341991501697505e-05,-0.005886478666302743,12.85606940720519,,174.0,,,,,,,,
,628,68,46,451,user_location_country,175,0.10828025477707007,3.110306338128164e-05,1.131262392997529e-05,0.04744872116571238,-29.797796892067375,,175.0,,,,,,,,
,7554,505,338,4882,user_location_country,176,0.06685199894095843,0.00022853990049724333,0.00013607573434240978,0.006020465329600745,-45.47859509980403,,176.0,,,,,,,,
,24281,1304,761,15422,user_location_country,178,0.05370454264651373,0.0005145528528946809,0.0004373914357384236,-0.0071269909648439544,173.05046761737606,,178.0,,,,,,,,
,142585,7526,3922,87994,user_location_country,179,0.052782550759196266,0.0026518742300301427,0.0025684880303431953,-0.008048982852161421,1147.6642199754363,,179.0,,,,,,,,
,8291,577,435,5259,user_location_country,180,0.06959353515860572,0.00029412679501864155,0.00014935185510099542,0.008762001547248037,-72.64575482823348,,180.0,,,,,,,,
,73502,3914,1701,45779,user_location_country,181,0.05325025169383146,0.0011501371915556536,0.0013240453568487958,-0.007581281917526224,557.2393835020125,,181.0,,,,,,,,
,249298,14563,7565,153244,user_location_country,182,0.058416032218469464,0.005115101619117295,0.004490787453017484,-0.0024155013928882224,602.1796662442481,,182.0,,,,,,,,
,2573,116,71,1365,user_location_country,183,0.04508356004663817,4.800690217545644e-05,4.634933339462806e-05,-0.01574797356471952,40.51953598202332,,183.0,,,,,,,,
,531,40,70,286,user_location_country,184,0.07532956685499058,4.733074862368944e-05,9.565291889835794e-06,0.014498033243632892,-7.6984556523690655,,184.0,,,,,,,,
,1990,111,87,1109,user_location_country,185,0.05577889447236181,5.882535900372831e-05,3.5847327421418514e-05,-0.005052639138995875,10.05475188660179,,185.0,,,,,,,,
,1171,99,72,655,user_location_country,186,0.08454312553373185,4.868305572722343e-05,2.109408060828195e-05,0.02371159192237416,-27.76627414110014,,186.0,,,,,,,,
,1070,71,87,700,user_location_country,187,0.06635514018691589,5.882535900372831e-05,1.9274693638652167e-05,0.005523606575558206,-5.91025903584728,,187.0,,,,,,,,
,20897,1434,578,14087,user_location_country,188,0.06862229028090157,0.0003908167529213214,0.00037643296538963954,0.0077907566695438815,-162.8034421234585,,188.0,,,,,,,,
,2033,79,103,1102,user_location_country,189,0.03885882931628136,6.964381583200018e-05,3.662191791343911e-05,-0.021972704295076327,44.67050783189017,,189.0,,,,,,,,
,28616,1842,2221,17515,user_location_country,190,0.06436958344981829,0.0015017370384744894,0.0005154809655735237,0.003538049838460601,-101.24483417738855,,190.0,,,,,,,,
,34874,2160,1729,22828,user_location_country,191,0.0619372598497448,0.0011690694910051294,0.00062821090276108,0.00110572623838711,-38.561096837512075,,191.0,,,,,,,,
,1411,106,91,844,user_location_country,192,0.07512402551381998,6.152997321079628e-05,2.5417376377699258e-05,0.014292491902462297,-20.1667060743743,,192.0,,,,,,,,
,144,13,11,100,user_location_country,193,0.09027777777777778,7.437689069436913e-06,2.593977461650385e-06,0.02944624416642009,-4.240259159964493,,193.0,,,,,,,,
,324767,13382,10743,165771,user_location_country,194,0.041204925377270475,0.007263917606632796,0.005850265821443129,-0.01962660823408721,6374.074676359802,,194.0,,,,,,,,
,352522,20103,7430,220795,user_location_country,195,0.05702622815029984,0.005023820889628751,0.0063502369634438685,-0.0038053054610578466,1341.453891743034,,195.0,,,,,,,,
,4137,199,107,2673,user_location_country,196,0.048102489726855206,7.234843003906815e-05,7.452281082533086e-05,-0.01272904388450248,52.660054550186764,,196.0,,,,,,,,
,3840,246,110,2226,user_location_country,197,0.0640625,7.437689069436912e-05,6.917273231067694e-05,0.0032309663886423076,-12.406910932386461,,197.0,,,,,,,,
,188538,11057,6621,118158,user_location_country,198,0.05864600239739469,0.004476812666249255,0.003396273074060002,-0.0021855312139629976,412.05568401815566,,198.0,,,,,,,,
,147,3,2,105,user_location_country,199,0.02040816326530612,1.3523071035339842e-06,2.6480186587681014e-06,-0.04042337034605156,5.94223544086958,,199.0,,,,,,,,
,3998,196,152,2209,user_location_country,200,0.04902451225612806,0.0001027753398685828,7.201890202554333e-05,-0.011807021355229624,47.20447137820804,,200.0,,,,,,,,
,68,6,5,40,user_location_country,201,0.08823529411764706,3.3807677588349602e-06,1.224933801334904e-06,0.027403760506289378,-1.8634557144276778,,201.0,,,,,,,,
,90792,4986,3385,55422,user_location_country,202,0.0549167327517843,0.002288779772731268,0.0016355027895705678,-0.0059148008595733895,537.0165996423872,,202.0,,,,,,,,
,13,2,5,13,user_location_country,203,0.15384615384615385,3.3807677588349602e-06,2.3417852084343753e-07,0.09301462023479617,-1.2091900630523502,,203.0,,,,,,,,
,35,3,6,20,user_location_country,204,0.08571428571428572,4.056921310601952e-06,6.304806330400241e-07,0.024882752102928028,-0.870896323602481,,204.0,,,,,,,,
,6327135,349919,141183,3688886,user_location_country,205,0.05530449405615654,0.09546138689911925,0.11397531657513409,-0.005527039555201146,34970.32541609761,,205.0,,,,,,,,
,27615,1422,1193,16933,user_location_country,206,0.05149375339489408,0.0008066511872580215,0.000497449219468579,-0.009337780216463608,257.86280067764255,,206.0,,,,,,,,
,347,19,12,234,user_location_country,207,0.05475504322766571,8.113842621203904e-06,6.250765133282525e-06,-0.006076490383691978,2.1085421631411165,,207.0,,,,,,,,
,6730,414,278,4358,user_location_country,208,0.06151560178306092,0.0001879706873912238,0.00012123241886741036,0.000684068171703231,-4.603778795562745,,208.0,,,,,,,,
,26143,1318,681,16517,user_location_country,209,0.0504150250545079,0.0004604605687533216,0.00047093300541615286,-0.010416508556849786,272.318783201724,,209.0,,,,,,,,
,1347,101,65,864,user_location_country,210,0.07498144023756496,4.394998086485448e-05,2.4264497505854642e-05,0.014149906626207277,-19.059924225501202,,210.0,,,,,,,,
,1735,76,26,1045,user_location_country,211,0.04380403458213256,1.7579992345941794e-05,3.125382566641263e-05,-0.017027499029225124,29.54271081570559,,211.0,,,,,,,,
,175,16,8,125,user_location_country,212,0.09142857142857143,5.409228414135937e-06,3.152403165200121e-06,0.03059703781721374,-5.354481618012405,,212.0,,,,,,,,
,541,41,28,407,user_location_country,213,0.07578558225508318,1.893229944947578e-05,9.745429213561517e-06,0.014954048643725494,-8.090140316255493,,213.0,,,,,,,,
,106608,5231,3962,57267,user_location_country,214,0.049067612186702685,0.002678920372100823,0.0019204079807751684,-0.011763921424655002,1254.1281352396204,,214.0,,,,,,,,
,728157,46292,20381,444604,user_location_country,215,0.06357420171748675,0.013780685538563065,0.013116825323214995,0.0027426681061290606,-1997.0929801546183,,215.0,,,,,,,,
,846,69,18,652,user_location_country,216,0.08156028368794327,1.2170763931805857e-05,1.5239617587196011e-05,0.020728750076585582,-17.5365225647914,,216.0,,,,,,,,
,12299,583,330,7809,user_location_country,217,0.04740222782340028,0.0002231306720831074,0.00022155089445026447,-0.01342930578795741,165.16703188608818,,217.0,,,,,,,,
,86610,4373,1995,53910,user_location_country,218,0.050490705461263136,0.0013489263357751493,0.001560169360788471,-0.010340828150094551,895.6191260796891,,218.0,,,,,,,,
,6832,323,234,3822,user_location_country,219,0.04727751756440281,0.00015821993111347614,0.0001230698195694127,-0.01355401604695488,92.60103763279574,,219.0,,,,,,,,
,874,44,28,533,user_location_country,220,0.05034324942791762,1.893229944947578e-05,1.5744002093628033e-05,-0.01048828418344007,9.16676037632662,,220.0,,,,,,,,
,5484,362,258,3640,user_location_country,221,0.06601021152443472,0.00017444761635588397,9.87873083311855e-05,0.00517867791307703,-28.399869675314434,,221.0,,,,,,,,
,6151,394,182,3990,user_location_country,222,0.06405462526418469,0.00012305994642159256,0.0001108024678236911,0.003223091652827005,-19.82523675653891,,222.0,,,,,,,,
,4046,294,319,2349,user_location_country,223,0.0726643598615917,0.00021569298301367048,7.28835611794268e-05,0.011832826250234012,-47.875615008446815,,223.0,,,,,,,,
,290,13,20,143,user_location_country,224,0.04482758620689655,1.3523071035339841e-05,5.223982388045915e-06,-0.016003947404461136,4.64114474729373,,224.0,,,,,,,,
,14500,581,562,8119,user_location_country,225,0.04006896551724138,0.00037999829609304954,0.0002611991194022957,-0.020762568094116307,301.05723736468644,,225.0,,,,,,,,
,4687,423,236,3072,user_location_country,226,0.09024962662684019,0.00015957223821701013,8.443036363024552e-05,0.029418093015482503,-137.8826019635665,,226.0,,,,,,,,
,305,22,17,216,user_location_country,227,0.07213114754098361,1.1494610380038866e-05,5.494188373634496e-06,0.011299613929625925,-3.4463822485359072,,227.0,,,,,,,,
,9658,609,464,5978,user_location_country,228,0.06305653344377718,0.0003137352480198843,0.0001739766272543015,0.002224999832419493,-21.489048381507462,,228.0,,,,,,,,
,56600,3609,2421,35823,user_location_country,229,0.06376325088339223,0.0016369677488278877,0.001019577252287582,0.002931717272034541,-165.93519759715502,,229.0,,,,,,,,
,78867,4564,2216,50682,user_location_country,230,0.05786957789696578,0.0014983562707156545,0.0014206890310276452,-0.002961955714391909,233.6005613269467,,230.0,,,,,,,,
,274433,18911,11821,172126,user_location_country,231,0.06890935128064045,0.007992811135437613,0.0049435626162020845,0.008077817669282762,-2216.8197364342764,,231.0,,,,,,,,
,294,27,30,194,user_location_country,232,0.09183673469387756,2.028460655300976e-05,5.296037317536203e-06,0.03100520108251987,-9.115529118260842,,232.0,,,,,,,,
,1625,57,43,1113,user_location_country,233,0.035076923076923075,2.907460272598066e-05,2.927231510542969e-05,-0.025754610534434612,41.85124211845624,,233.0,,,,,,,,
,2654,149,123,1764,user_location_country,234,0.05614167294649586,8.316688686734002e-05,4.78084457168064e-05,-0.004689860664861829,12.446890204543296,,234.0,,,,,,,,
,100476,4210,2517,60008,user_location_country,235,0.04190055336597794,0.0017018784897975192,0.0018099477738665562,-0.018930980245379744,1902.1091711347751,,235.0,,,,,,,,
,1747,86,67,1008,user_location_country,236,0.04922724670864339,4.530228796838847e-05,3.146999045488349e-05,-0.011604286902714298,20.27268921904188,,236.0,,,,,,,,
,816,73,45,515,user_location_country,237,0.08946078431372549,3.0426909829514642e-05,1.4699205616018848e-05,0.028629250702367805,-23.36146857313213,,237.0,,,,,,,,
,5902,329,242,3779,user_location_country,238,0.055743815655709926,0.00016362915952761208,0.00010631704846292064,-0.005087717955647761,30.027711374233085,,238.0,,,,,,,,
,10229,598,305,6609,user_location_country,239,0.058461237657640046,0.0002062268332889326,0.0001842624684390402,-0.002370295953717641,24.24575731057775,,239.0,,,,,,,,
,47959414,2740136,1113804,28093145,is_mobile,0,0.05713447624693663,0.7511770398821106,0.8639280485413885,0.008683378498035257,-416449.7443059711,,,0.0,,,,,,,
,7553790,300397,368941,4087032,is_mobile,1,0.03976771925086612,0.24882296011788946,0.13607195145861153,-0.00868337849803525,65592.41766467369,,,1.0,,,,,,,
,39380731,2631078,1096280,24931213,is_package,0,0.0668113042391214,0.5965406216041647,0.7093939488702543,0.020715254311363535,-815781.8576323976,,,,0.0,,,,,,
,16132473,409455,741449,7248964,is_package,1,0.025380795616394336,0.4034593783958353,0.29060605112974564,-0.020715254311363535,334188.2808662058,,,,1.0,,,,,,
,6999524,344778,477171,3836920,channel,0,0.049257349499765984,0.1767402116566735,0.1260875520713955,-0.0003144898245166783,2201.279074460278,,,,,0.0,,,,,
,5788547,265242,405137,3142625,channel,1,0.04582186168653377,0.1500594108400337,0.10427333648405522,-0.00374997763774889,21706.921805058424,,,,,1.0,,,,,
,4276318,181629,384927,2295022,channel,2,0.042473221121534926,0.14257379315249324,0.07703244799201285,-0.007098618202747736,30355.948795537795,,,,,2.0,,,,,
,2508862,96680,235144,1361865,channel,3,0.03853539971508995,0.08709540254918433,0.04519396862771603,-0.011036439609192712,27688.903950798445,,,,,3.0,,,,,
,1290733,112862,92459,731143,channel,4,0.08744023744647421,0.03424605273489876,0.02325091882644713,0.037868398122191546,-48877.99111345066,,,,,4.0,,,,,
,3334629,225752,73023,2208412,channel,5,0.06769928528780862,0.027047118277944947,0.06006911436781779,0.01812744596352596,-60448.30700590661,,,,,5.0,,,,,
,95599,2948,11227,44557,channel,6,0.030837142647935648,0.004158388410589649,0.0017220948010855219,-0.018734696676347015,1791.0182675620983,,,,,6.0,,,,,
,466911,12603,64299,244061,channel,7,0.026992296176359093,0.023815820469627134,0.00841080979581002,-0.02257954314792357,10542.637070740142,,,,,7.0,,,,,
,169116,9438,15799,97633,channel,8,0.05580784786773575,0.0058518195866131524,0.003046410363919906,0.006236008543453089,-1054.6088208346127,,,,,8.0,,,,,
,30572616,1788167,939353,18212845,channel,9,0.058489172140192384,0.3479286210610687,0.5507269225534163,0.008917332815909722,-272626.1919250066,,,,,9.0,,,,,
,10349,434,1305,5094,channel,10,0.041936418977679,0.0004833612608728504,0.00018642411632374884,-0.007635420346603659,79.01896516700127,,,,,10.0,,,,,
,43408215,2465604,1130577,25447025,is_family,False,0.056800400569339236,0.6918872640216199,0.7819439677810706,0.004652595061732198,-201960.84674760952,,,,,,False,,,,
,12104989,574929,503471,6733152,is_family,True,0.04749521044587484,0.30811273597838007,0.21805603221892939,-0.004652595061732198,56319.612043722576,,,,,,True,,,,
,43929198,1976855,1126744,24818374,is_urgent,False,0.04500093536877227,0.6210689995210013,0.7913288161137303,-0.023411024419468088,1028427.5271056487,,,,,,,False,,,
,11584006,1063678,687457,7361803,is_urgent,True,0.09182298420770846,0.37893100047899875,0.20867118388626965,0.0234110244194681,-271193.447341265,,,,,,,True,,,
,48646971,2899483,1167893,28725064,is_long_stay,False,0.05960253928245605,0.730070469507076,0.876313516330277,0.019529989887103742,-950074.851668229,,,,,,,,False,,
,6866233,141050,431806,3455113,is_long_stay,True,0.020542559508248556,0.269929530492924,0.12368648366972297,-0.01952998988710375,134097.46105249802,,,,,,,,True,,
,7127475,424116,604097,4187781,day_of_week,Friday,0.05950438268811886,0.1373845410353356,0.12839242714219845,0.004895702120551397,-34893.99447167707,,,,,,,,,Friday,
,8929013,496852,679128,5206594,day_of_week,Monday,0.05564467203709973,0.15444819057907155,0.1608448505332173,0.0010359914695322672,-9250.381299342718,,,,,,,,,Monday,
,6273328,314647,525819,3581025,day_of_week,Saturday,0.05015631256647189,0.11958245444466555,0.1130060516773631,-0.004452368001095573,27931.16484757689,,,,,,,,,Saturday,
,7489412,363762,576344,4242990,day_of_week,Sunday,0.04857016812534816,0.1310729169627882,0.1349122633959301,-0.006038512442219306,45224.90754690657,,,,,,,,,Sunday,
,7900278,451355,639453,4617636,day_of_week,Thursday,0.05713153385235304,0.14542524945276744,0.1423134935609193,0.0025228532847855756,-19931.24230301922,,,,,,,,,Thursday,
,8923200,495299,684427,5179874,day_of_week,Tuesday,0.05550688093957325,0.15565329618785,0.16074013670693552,0.0008982003720057821,-8014.821559481995,,,,,,,,,Tuesday,
,8870498,494502,687857,5164277,day_of_week,Wednesday,0.055746813764007384,0.15643335133752168,0.15979077698343622,0.0011381331964399194,-10095.808242753912,,,,,,,,,Wednesday,
,4583678,236671,361743,2687265,time_of_day,Ночь,0.05163342625725455,0.12285049917152843,0.08256914877404663,-0.0025986615268969657,11911.42767028403,,,,,,,,,,Ночь
,15238687,921015,837592,9011928,time_of_day,Утро,0.060439262254024906,0.28445220861793824,0.2745056293273939,0.006207174469873393,-94589.18890079156,,,,,,,,,,Утро
,19187238,1089266,930461,11180383,time_of_day,День,0.0567703387011721,0.3159911824406817,0.3456337703008459,0.0025382509170205902,-48702.02444859232,,,,,,,,,,День
,16503601,793581,814783,9300601,time_of_day,Вечер,0.048085323924154495,0.27670610976985166,0.2972914515977136,-0.006146763859997018,101443.73818661064,,,,,,,,,,Вечер
